round_id,venue,alwaysUP,alwaysDOWN,prevCont,prevRev,mom5,mom15,mom60
btc-1791364860,DOWN,UP,DOWN,NA,NA,DOWN,DOWN,UP
btc-1791364920,UP,UP,DOWN,MISS,HIT,UP,UP,DOWN
btc-1791364980,DOWN,UP,DOWN,MISS,HIT,DOWN,DOWN,DOWN
btc-1791365040,UP,UP,DOWN,MISS,HIT,DOWN,DOWN,UP
btc-1791365100,DOWN,UP,DOWN,MISS,HIT,UP,UP,UP
btc-1791365220,DOWN,UP,DOWN,HIT,MISS,UP,UP,
btc-1791365280,DOWN,UP,DOWN,HIT,MISS,UP,UP,DOWN
btc-1791365340,UP,UP,DOWN,MISS,HIT,UP,UP,DOWN
btc-1791365400,DOWN,UP,DOWN,MISS,HIT,UP,UP,UP
btc-1791365460,DOWN,UP,DOWN,HIT,MISS,UP,DOWN,DOWN
btc-1791365520,UP,UP,DOWN,MISS,HIT,UP,UP,DOWN
btc-1791365580,DOWN,UP,DOWN,MISS,HIT,UP,DOWN,DOWN
btc-1791365640,UP,UP,DOWN,MISS,HIT,UP,DOWN,DOWN
btc-1791365700,DOWN,UP,DOWN,MISS,HIT,UP,UP,DOWN
btc-1791365760,UP,UP,DOWN,MISS,HIT,UP,UP,DOWN
btc-1791365820,UP,UP,DOWN,HIT,MISS,UP,DOWN,DOWN
btc-1791365880,UP,UP,DOWN,HIT,MISS,DOWN,DOWN,DOWN
btc-1791365940,DOWN,UP,DOWN,MISS,HIT,UP,UP,UP
btc-1791366000,DOWN,UP,DOWN,HIT,MISS,DOWN,DOWN,DOWN
btc-1791366060,UP,UP,DOWN,MISS,HIT,DOWN,DOWN,DOWN
btc-1791366120,UP,UP,DOWN,HIT,MISS,DOWN,DOWN,UP
btc-1791366180,UP,UP,DOWN,HIT,MISS,UP,UP,UP
btc-1791366240,UP,UP,DOWN,HIT,MISS,DOWN,DOWN,UP
btc-1791366300,UP,UP,DOWN,HIT,MISS,UP,UP,DOWN
btc-1791366360,DOWN,UP,DOWN,MISS,HIT,DOWN,UP,UP
btc-1791366420,UP,UP,DOWN,MISS,HIT,DOWN,DOWN,DOWN
btc-1791366480,UP,UP,DOWN,HIT,MISS,UP,DOWN,DOWN
btc-1791366540,UP,UP,DOWN,HIT,MISS,UP,UP,UP
btc-1791366600,UP,UP,DOWN,HIT,MISS,UP,UP,UP
btc-1791366660,DOWN,UP,DOWN,MISS,HIT,UP,UP,UP
btc-1791366720,DOWN,UP,DOWN,HIT,MISS,UP,DOWN,DOWN
btc-1791366780,DOWN,UP,DOWN,HIT,MISS,DOWN,DOWN,DOWN
btc-1791366840,DOWN,UP,DOWN,HIT,MISS,UP,UP,UP
btc-1791366900,UP,UP,DOWN,MISS,HIT,DOWN,DOWN,DOWN
btc-1791366960,DOWN,UP,DOWN,MISS,HIT,DOWN,DOWN,UP
btc-1791367020,UP,UP,DOWN,MISS,HIT,UP,DOWN,DOWN
btc-1791367080,UP,UP,DOWN,HIT,MISS,UP,UP,UP
btc-1791367140,UP,UP,DOWN,HIT,MISS,UP,UP,UP
btc-1791367200,DOWN,UP,DOWN,MISS,HIT,UP,UP,UP
btc-1791367260,DOWN,UP,DOWN,HIT,MISS,DOWN,DOWN,DOWN
btc-1791367320,DOWN,UP,DOWN,HIT,MISS,DOWN,DOWN,DOWN
btc-1791367380,DOWN,UP,DOWN,HIT,MISS,DOWN,DOWN,DOWN
btc-1791367440,UP,UP,DOWN,MISS,HIT,,,
btc-1791367500,DOWN,UP,DOWN,MISS,HIT,DOWN,UP,
btc-1791367560,UP,UP,DOWN,MISS,HIT,UP,UP,DOWN
btc-1791367620,DOWN,UP,DOWN,MISS,HIT,UP,UP,UP
btc-1791367680,UP,UP,DOWN,MISS,HIT,DOWN,DOWN,DOWN
btc-1791367740,UP,UP,DOWN,HIT,MISS,UP,UP,UP
btc-1791367800,UP,UP,DOWN,HIT,MISS,DOWN,UP,UP
btc-1791367860,UP,UP,DOWN,HIT,MISS,DOWN,UP,UP
btc-1791367920,DOWN,UP,DOWN,MISS,HIT,UP,DOWN,DOWN
btc-1791367980,DOWN,UP,DOWN,HIT,MISS,UP,UP,DOWN
btc-1791368040,UP,UP,DOWN,MISS,HIT,UP,UP,DOWN
btc-1791368100,UP,UP,DOWN,HIT,MISS,DOWN,DOWN,UP
btc-1791368160,DOWN,UP,DOWN,MISS,HIT,UP,UP,UP
btc-1791368220,UP,UP,DOWN,MISS,HIT,DOWN,DOWN,DOWN
btc-1791368280,UP,UP,DOWN,HIT,MISS,UP,UP,DOWN
btc-1791368340,DOWN,UP,DOWN,MISS,HIT,UP,UP,UP
btc-1791368400,UP,UP,DOWN,MISS,HIT,UP,UP,UP
btc-1791368460,UP,UP,DOWN,HIT,MISS,UP,UP,DOWN
btc-1791368520,UP,UP,DOWN,HIT,MISS,DOWN,DOWN,DOWN
btc-1791368580,DOWN,UP,DOWN,MISS,HIT,DOWN,UP,UP
btc-1791368640,UP,UP,DOWN,MISS,HIT,DOWN,DOWN,DOWN
btc-1791368700,DOWN,UP,DOWN,MISS,HIT,DOWN,DOWN,UP
btc-1791368760,UP,UP,DOWN,MISS,HIT,DOWN,DOWN,DOWN
btc-1791368820,UP,UP,DOWN,HIT,MISS,UP,UP,UP
btc-1791368880,DOWN,UP,DOWN,MISS,HIT,DOWN,DOWN,UP
btc-1791368940,DOWN,UP,DOWN,HIT,MISS,UP,UP,UP
btc-1791369000,UP,UP,DOWN,MISS,HIT,DOWN,DOWN,DOWN
btc-1791369060,DOWN,UP,DOWN,MISS,HIT,DOWN,DOWN,UP
btc-1791369120,DOWN,UP,DOWN,HIT,MISS,DOWN,DOWN,DOWN
btc-1791369180,DOWN,UP,DOWN,HIT,MISS,DOWN,DOWN,DOWN
btc-1791369240,DOWN,UP,DOWN,HIT,MISS,DOWN,UP,UP
btc-1791369300,UP,UP,DOWN,MISS,HIT,DOWN,DOWN,DOWN
btc-1791369360,DOWN,UP,DOWN,MISS,HIT,UP,UP,UP
btc-1791369420,DOWN,UP,DOWN,HIT,MISS,UP,DOWN,DOWN
btc-1791369480,UP,UP,DOWN,MISS,HIT,DOWN,DOWN,DOWN
btc-1791369540,UP,UP,DOWN,HIT,MISS,DOWN,UP,UP
btc-1791369600,DOWN,UP,DOWN,MISS,HIT,UP,DOWN,UP
btc-1791369660,UP,UP,DOWN,MISS,HIT,UP,UP,DOWN
btc-1791369720,DOWN,UP,DOWN,MISS,HIT,UP,UP,UP
btc-1791369780,UP,UP,DOWN,MISS,HIT,DOWN,DOWN,DOWN
btc-1791369840,DOWN,UP,DOWN,MISS,HIT,DOWN,DOWN,DOWN
btc-1791369900,UP,UP,DOWN,MISS,HIT,UP,UP,DOWN
btc-1791369960,DOWN,UP,DOWN,MISS,HIT,DOWN,DOWN,UP
btc-1791370020,UP,UP,DOWN,MISS,HIT,DOWN,DOWN,DOWN
btc-1791370080,UP,UP,DOWN,HIT,MISS,DOWN,DOWN,UP
btc-1791370140,UP,UP,DOWN,HIT,MISS,UP,DOWN,UP
btc-1791370200,UP,UP,DOWN,HIT,MISS,DOWN,DOWN,UP
btc-1791370260,UP,UP,DOWN,HIT,MISS,UP,UP,UP
btc-1791370320,DOWN,UP,DOWN,MISS,HIT,DOWN,UP,UP
btc-1791370380,DOWN,UP,DOWN,HIT,MISS,UP,UP,DOWN
btc-1791370440,UP,UP,DOWN,MISS,HIT,UP,UP,UP
btc-1791370500,DOWN,UP,DOWN,MISS,HIT,UP,UP,DOWN
btc-1791370560,DOWN,UP,DOWN,HIT,MISS,UP,DOWN,DOWN
btc-1791370620,UP,UP,DOWN,MISS,HIT,DOWN,DOWN,DOWN
btc-1791370680,UP,UP,DOWN,HIT,MISS,UP,UP,UP
btc-1791370740,UP,UP,DOWN,HIT,MISS,DOWN,DOWN,UP
btc-1791370800,UP,UP,DOWN,HIT,MISS,UP,UP,DOWN
btc-1791370860,UP,UP,DOWN,HIT,MISS,DOWN,DOWN,UP
