query_id,count,up_frequency,unique_sources,effective_n,median_terminal_bps
btc-1791349440,100,0.3500,78,78,0.00
btc-1791349440,250,0.3440,146,146,0.00
btc-1791349440,500,0.3980,182,182,0.00
btc-1791349440,1000,0.3910,198,198,0.00
btc-1791349500,100,0.3900,78,78,0.00
btc-1791349500,250,0.4320,146,146,0.00
btc-1791349500,500,0.4180,182,182,0.00
btc-1791349500,1000,0.4230,198,198,0.00
btc-1791349560,100,0.5000,78,78,0.00
btc-1791349560,250,0.5240,146,146,0.00
btc-1791349560,500,0.5060,182,182,0.00
btc-1791349560,1000,0.5050,198,198,0.00
btc-1791349620,100,0.5200,78,78,0.00
btc-1791349620,250,0.4720,146,146,0.00
btc-1791349620,500,0.4240,182,182,0.00
btc-1791349620,1000,0.4300,198,198,0.00
btc-1791349680,100,0.4000,78,78,0.00
btc-1791349680,250,0.4480,146,146,0.00
btc-1791349680,500,0.4700,182,182,0.00
btc-1791349680,1000,0.4770,198,198,0.00
btc-1791349740,100,0.4500,78,78,0.00
btc-1791349740,250,0.4240,146,146,0.00
btc-1791349740,500,0.4140,182,182,0.00
btc-1791349740,1000,0.4190,198,198,0.00
btc-1791349800,100,0.4200,78,78,0.00
btc-1791349800,250,0.4880,146,146,0.00
btc-1791349800,500,0.4720,182,182,0.00
btc-1791349800,1000,0.4650,198,198,0.00
btc-1791349860,100,0.4400,78,78,0.00
btc-1791349860,250,0.4000,146,146,0.00
btc-1791349860,500,0.4380,182,182,0.00
btc-1791349860,1000,0.4190,198,198,0.00
btc-1791349920,100,0.5300,78,78,0.00
btc-1791349920,250,0.5160,146,146,0.00
btc-1791349920,500,0.4960,182,182,0.00
btc-1791349920,1000,0.5180,198,198,0.00
btc-1791349980,100,0.3500,78,78,0.00
btc-1791349980,250,0.3560,146,146,0.00
btc-1791349980,500,0.3660,182,182,0.00
btc-1791349980,1000,0.3430,198,198,0.00
btc-1791350040,100,0.4500,78,78,0.00
btc-1791350040,250,0.5160,146,146,0.00
btc-1791350040,500,0.5100,182,182,0.00
btc-1791350040,1000,0.5260,198,198,0.00
btc-1791350100,100,0.4100,78,78,0.00
btc-1791350100,250,0.4120,146,146,0.00
btc-1791350100,500,0.4320,182,182,0.00
btc-1791350100,1000,0.4250,198,198,0.00
btc-1791350160,100,0.5500,78,78,0.00
btc-1791350160,250,0.5480,146,146,0.00
btc-1791350160,500,0.4980,182,182,0.00
btc-1791350160,1000,0.5090,198,198,0.00
btc-1791350220,100,0.4800,78,78,0.00
btc-1791350220,250,0.4360,146,146,0.00
btc-1791350220,500,0.4320,182,182,0.00
btc-1791350220,1000,0.4190,198,198,0.00
btc-1791350280,100,0.5500,78,78,0.00
btc-1791350280,250,0.5200,146,146,0.00
btc-1791350280,500,0.5020,182,182,0.00
btc-1791350280,1000,0.5220,198,198,0.00
btc-1791350340,100,0.5500,78,78,0.00
btc-1791350340,250,0.5400,146,146,0.00
btc-1791350340,500,0.5640,182,182,0.00
btc-1791350340,1000,0.5780,198,198,0.00
btc-1791350400,100,0.5400,78,78,0.00
btc-1791350400,250,0.5200,146,146,0.00
btc-1791350400,500,0.5260,182,182,0.00
btc-1791350400,1000,0.5080,198,198,0.00
btc-1791350460,100,0.4200,78,78,0.00
btc-1791350460,250,0.4800,146,146,0.00
btc-1791350460,500,0.4800,182,182,0.00
btc-1791350460,1000,0.4880,198,198,0.00
btc-1791350520,100,0.4500,78,78,0.00
btc-1791350520,250,0.4640,146,146,0.00
btc-1791350520,500,0.4580,182,182,0.00
btc-1791350520,1000,0.4500,198,198,0.00
btc-1791350580,100,0.4400,78,78,0.00
btc-1791350580,250,0.4680,146,146,0.00
btc-1791350580,500,0.4460,182,182,0.00
btc-1791350580,1000,0.4300,198,198,0.00
btc-1791350640,100,0.3900,78,78,0.00
btc-1791350640,250,0.4320,146,146,0.00
btc-1791350640,500,0.4280,182,182,0.00
btc-1791350640,1000,0.4170,198,198,0.00
btc-1791350700,100,0.4100,78,78,0.00
btc-1791350700,250,0.4040,146,146,0.00
btc-1791350700,500,0.3980,182,182,0.00
btc-1791350700,1000,0.4220,198,198,0.00
btc-1791350760,100,0.5000,78,78,0.00
btc-1791350760,250,0.4600,146,146,0.00
btc-1791350760,500,0.4300,182,182,0.00
btc-1791350760,1000,0.4390,198,198,0.00
btc-1791350820,100,0.5500,78,78,0.00
btc-1791350820,250,0.5200,146,146,0.00
btc-1791350820,500,0.5200,182,182,0.00
btc-1791350820,1000,0.4970,198,198,0.00
btc-1791350880,100,0.5400,78,78,0.00
btc-1791350880,250,0.4840,146,146,0.00
btc-1791350880,500,0.4700,182,182,0.00
btc-1791350880,1000,0.4930,198,198,0.00
btc-1791350940,100,0.4700,78,78,0.00
btc-1791350940,250,0.4920,146,146,0.00
btc-1791350940,500,0.5040,182,182,0.00
btc-1791350940,1000,0.5020,198,198,0.00
btc-1791351000,100,0.5300,78,78,0.00
btc-1791351000,250,0.5520,146,146,0.00
btc-1791351000,500,0.5200,182,182,0.00
btc-1791351000,1000,0.4970,198,198,0.00
btc-1791351060,100,0.5100,78,78,0.00
btc-1791351060,250,0.5240,146,146,0.00
btc-1791351060,500,0.5240,182,182,0.00
btc-1791351060,1000,0.5170,198,198,0.00
btc-1791351120,100,0.5300,78,78,0.00
btc-1791351120,250,0.5320,146,146,0.00
btc-1791351120,500,0.5320,182,182,0.00
btc-1791351120,1000,0.5240,198,198,0.00
btc-1791351180,100,0.4300,78,78,0.00
btc-1791351180,250,0.4640,146,146,0.00
btc-1791351180,500,0.4640,182,182,0.00
btc-1791351180,1000,0.4800,198,198,0.00
btc-1791351240,100,0.4000,78,78,0.00
btc-1791351240,250,0.3840,146,146,0.00
btc-1791351240,500,0.3980,182,182,0.00
btc-1791351240,1000,0.4060,198,198,0.00
btc-1791351300,100,0.4500,78,78,0.00
btc-1791351300,250,0.4080,146,146,0.00
btc-1791351300,500,0.4100,182,182,0.00
btc-1791351300,1000,0.4280,198,198,0.00
btc-1791351360,100,0.5400,78,78,0.00
btc-1791351360,250,0.5120,146,146,0.00
btc-1791351360,500,0.5340,182,182,0.00
btc-1791351360,1000,0.5310,198,198,0.00
btc-1791351420,100,0.5600,78,78,0.00
btc-1791351420,250,0.4920,146,146,0.00
btc-1791351420,500,0.5060,182,182,0.00
btc-1791351420,1000,0.4880,198,198,0.00
btc-1791351480,100,0.4700,78,78,0.00
btc-1791351480,250,0.5200,146,146,0.00
btc-1791351480,500,0.5340,182,182,0.00
btc-1791351480,1000,0.5010,198,198,0.00
btc-1791351540,100,0.4900,78,78,0.00
btc-1791351540,250,0.4880,146,146,0.00
btc-1791351540,500,0.4840,182,182,0.00
btc-1791351540,1000,0.4680,198,198,0.00
btc-1791351600,100,0.5600,78,78,0.00
btc-1791351600,250,0.5080,146,146,0.00
btc-1791351600,500,0.5260,182,182,0.00
btc-1791351600,1000,0.5210,198,198,0.00
btc-1791351660,100,0.5000,78,78,0.00
btc-1791351660,250,0.5480,146,146,0.00
btc-1791351660,500,0.5660,182,182,0.00
btc-1791351660,1000,0.5670,198,198,0.00
btc-1791351720,100,0.5900,78,78,0.00
btc-1791351720,250,0.5760,146,146,0.00
btc-1791351720,500,0.5160,182,182,0.00
btc-1791351720,1000,0.5390,198,198,0.00
btc-1791351780,100,0.3900,78,78,0.00
btc-1791351780,250,0.3600,146,146,0.00
btc-1791351780,500,0.3500,182,182,0.00
btc-1791351780,1000,0.3710,198,198,0.00
btc-1791351840,100,0.3700,78,78,0.00
btc-1791351840,250,0.4280,146,146,0.00
btc-1791351840,500,0.4020,182,182,0.00
btc-1791351840,1000,0.4000,198,198,0.00
btc-1791351900,100,0.5200,78,78,0.00
btc-1791351900,250,0.5560,146,146,0.00
btc-1791351900,500,0.5640,182,182,0.00
btc-1791351900,1000,0.5730,198,198,0.00
btc-1791351960,100,0.5100,78,78,0.00
btc-1791351960,250,0.4720,146,146,0.00
btc-1791351960,500,0.4800,182,182,0.00
btc-1791351960,1000,0.4790,198,198,0.00
btc-1791352020,100,0.6000,78,78,0.00
btc-1791352020,250,0.5080,146,146,0.00
btc-1791352020,500,0.4980,182,182,0.00
btc-1791352020,1000,0.5030,198,198,0.00
btc-1791352080,100,0.4500,78,78,0.00
btc-1791352080,250,0.4600,146,146,0.00
btc-1791352080,500,0.4440,182,182,0.00
btc-1791352080,1000,0.4500,198,198,0.00
btc-1791352140,100,0.3400,78,78,0.00
btc-1791352140,250,0.3680,146,146,0.00
btc-1791352140,500,0.4100,182,182,0.00
btc-1791352140,1000,0.3890,198,198,0.00
btc-1791352200,100,0.4600,78,78,0.00
btc-1791352200,250,0.4760,146,146,0.00
btc-1791352200,500,0.4980,182,182,0.00
btc-1791352200,1000,0.4860,198,198,0.00
btc-1791352260,100,0.4600,78,78,0.00
btc-1791352260,250,0.4560,146,146,0.00
btc-1791352260,500,0.4500,182,182,0.00
btc-1791352260,1000,0.4460,198,198,0.00
btc-1791352320,100,0.3500,78,78,0.00
btc-1791352320,250,0.3720,146,146,0.00
btc-1791352320,500,0.3660,182,182,0.00
btc-1791352320,1000,0.3790,198,198,0.00
btc-1791352380,100,0.4900,78,78,0.00
btc-1791352380,250,0.5040,146,146,0.00
btc-1791352380,500,0.5280,182,182,0.00
btc-1791352380,1000,0.5130,198,198,0.00
btc-1791352440,100,0.4900,78,78,0.00
btc-1791352440,250,0.4360,146,146,0.00
btc-1791352440,500,0.4020,182,182,0.00
btc-1791352440,1000,0.3900,198,198,0.00
btc-1791352500,100,0.5400,78,78,0.00
btc-1791352500,250,0.5200,146,146,0.00
btc-1791352500,500,0.5240,182,182,0.00
btc-1791352500,1000,0.5300,198,198,0.00
btc-1791352560,100,0.4800,78,78,0.00
btc-1791352560,250,0.4800,146,146,0.00
btc-1791352560,500,0.4520,182,182,0.00
btc-1791352560,1000,0.4390,198,198,0.00
btc-1791352620,100,0.4600,78,78,0.00
btc-1791352620,250,0.4560,146,146,0.00
btc-1791352620,500,0.4340,182,182,0.00
btc-1791352620,1000,0.4550,198,198,0.00
btc-1791352680,100,0.4600,78,78,0.00
btc-1791352680,250,0.4560,146,146,0.00
btc-1791352680,500,0.4580,182,182,0.00
btc-1791352680,1000,0.4480,198,198,0.00
btc-1791352740,100,0.5500,78,78,0.00
btc-1791352740,250,0.5480,146,146,0.00
btc-1791352740,500,0.5340,182,182,0.00
btc-1791352740,1000,0.5340,198,198,0.00
btc-1791352800,100,0.4800,78,78,0.00
btc-1791352800,250,0.4800,146,146,0.00
btc-1791352800,500,0.4940,182,182,0.00
btc-1791352800,1000,0.4600,198,198,0.00
btc-1791352860,100,0.3000,78,78,0.00
btc-1791352860,250,0.3080,146,146,0.00
btc-1791352860,500,0.3280,182,182,0.00
btc-1791352860,1000,0.3520,198,198,0.00
btc-1791352920,100,0.4200,78,78,0.00
btc-1791352920,250,0.4160,146,146,0.00
btc-1791352920,500,0.4040,182,182,0.00
btc-1791352920,1000,0.4110,198,198,0.00
btc-1791352980,100,0.5600,78,78,0.00
btc-1791352980,250,0.5520,146,146,0.00
btc-1791352980,500,0.5600,182,182,0.00
btc-1791352980,1000,0.5690,198,198,0.00
btc-1791353040,100,0.4000,78,78,0.00
btc-1791353040,250,0.4560,146,146,0.00
btc-1791353040,500,0.5100,182,182,0.00
btc-1791353040,1000,0.5400,198,198,0.00
btc-1791353100,100,0.4100,78,78,0.00
btc-1791353100,250,0.4320,146,146,0.00
btc-1791353100,500,0.4180,182,182,0.00
btc-1791353100,1000,0.3930,198,198,0.00
btc-1791353160,100,0.4800,78,78,0.00
btc-1791353160,250,0.4600,146,146,0.00
btc-1791353160,500,0.4940,182,182,0.00
btc-1791353160,1000,0.4740,198,198,0.00
btc-1791353220,100,0.4700,78,78,0.00
btc-1791353220,250,0.4760,146,146,0.00
btc-1791353220,500,0.4640,182,182,0.00
btc-1791353220,1000,0.4730,198,198,0.00
btc-1791353280,100,0.4600,78,78,0.00
btc-1791353280,250,0.5240,146,146,0.00
btc-1791353280,500,0.5180,182,182,0.00
btc-1791353280,1000,0.5130,198,198,0.00
btc-1791353340,100,0.5500,78,78,0.00
btc-1791353340,250,0.5640,146,146,0.00
btc-1791353340,500,0.5500,182,182,0.00
btc-1791353340,1000,0.5530,198,198,0.00
btc-1791353400,100,0.5200,78,78,0.00
btc-1791353400,250,0.5200,146,146,0.00
btc-1791353400,500,0.5260,182,182,0.00
btc-1791353400,1000,0.5360,198,198,0.00
btc-1791353460,100,0.3700,78,78,0.00
btc-1791353460,250,0.3480,146,146,0.00
btc-1791353460,500,0.3980,182,182,0.00
btc-1791353460,1000,0.3910,198,198,0.00
btc-1791353520,100,0.5000,78,78,0.00
btc-1791353520,250,0.4120,146,146,0.00
btc-1791353520,500,0.4160,182,182,0.00
btc-1791353520,1000,0.4370,198,198,0.00
btc-1791353580,100,0.5200,78,78,0.00
btc-1791353580,250,0.5600,146,146,0.00
btc-1791353580,500,0.5220,182,182,0.00
btc-1791353580,1000,0.4750,198,198,0.00
btc-1791353640,100,0.5300,78,78,0.00
btc-1791353640,250,0.5680,146,146,0.00
btc-1791353640,500,0.5280,182,182,0.00
btc-1791353640,1000,0.5370,198,198,0.00
btc-1791353700,100,0.5000,78,78,0.00
btc-1791353700,250,0.5440,146,146,0.00
btc-1791353700,500,0.5780,182,182,0.00
btc-1791353700,1000,0.6020,198,198,0.00
btc-1791353760,100,0.5700,78,78,0.00
btc-1791353760,250,0.5320,146,146,0.00
btc-1791353760,500,0.5200,182,182,0.00
btc-1791353760,1000,0.5040,198,198,0.00
btc-1791353820,100,0.5400,78,78,0.00
btc-1791353820,250,0.5560,146,146,0.00
btc-1791353820,500,0.5580,182,182,0.00
btc-1791353820,1000,0.5450,198,198,0.00
btc-1791353880,100,0.4300,78,78,0.00
btc-1791353880,250,0.4800,146,146,0.00
btc-1791353880,500,0.4760,182,182,0.00
btc-1791353880,1000,0.4800,198,198,0.00
btc-1791353940,100,0.5000,78,78,0.00
btc-1791353940,250,0.5680,146,146,0.00
btc-1791353940,500,0.5360,182,182,0.00
btc-1791353940,1000,0.5390,198,198,0.00
btc-1791354000,100,0.5500,78,78,0.00
btc-1791354000,250,0.4960,146,146,0.00
btc-1791354000,500,0.4980,182,182,0.00
btc-1791354000,1000,0.4980,198,198,0.00
btc-1791354060,100,0.5800,78,78,0.00
btc-1791354060,250,0.5120,146,146,0.00
btc-1791354060,500,0.5280,182,182,0.00
btc-1791354060,1000,0.4870,198,198,0.00
btc-1791354120,100,0.4600,78,78,0.00
btc-1791354120,250,0.4840,146,146,0.00
btc-1791354120,500,0.5340,182,182,0.00
btc-1791354120,1000,0.5310,198,198,0.00
btc-1791354180,100,0.6100,78,78,0.00
btc-1791354180,250,0.6160,146,146,0.00
btc-1791354180,500,0.6320,182,182,0.00
btc-1791354180,1000,0.6190,198,198,0.00
btc-1791354240,100,0.5100,78,78,0.00
btc-1791354240,250,0.4800,146,146,0.00
btc-1791354240,500,0.4860,182,182,0.00
btc-1791354240,1000,0.5000,198,198,0.00
btc-1791354300,100,0.5200,78,78,0.00
btc-1791354300,250,0.5440,146,146,0.00
btc-1791354300,500,0.5500,182,182,0.00
btc-1791354300,1000,0.5360,198,198,0.00
btc-1791354360,100,0.4400,78,78,0.00
btc-1791354360,250,0.4040,146,146,0.00
btc-1791354360,500,0.4140,182,182,0.00
btc-1791354360,1000,0.3870,198,198,0.00
btc-1791354420,100,0.5700,78,78,0.00
btc-1791354420,250,0.5240,146,146,0.00
btc-1791354420,500,0.5320,182,182,0.00
btc-1791354420,1000,0.5110,198,198,0.00
btc-1791354480,100,0.4600,78,78,0.00
btc-1791354480,250,0.5040,146,146,0.00
btc-1791354480,500,0.4960,182,182,0.00
btc-1791354480,1000,0.5050,198,198,0.00
btc-1791354540,100,0.4900,78,78,0.00
btc-1791354540,250,0.4840,146,146,0.00
btc-1791354540,500,0.4800,182,182,0.00
btc-1791354540,1000,0.4820,198,198,0.00
btc-1791354600,100,0.3500,78,78,-0.00
btc-1791354600,250,0.3520,146,146,0.00
btc-1791354600,500,0.3760,182,182,0.00
btc-1791354600,1000,0.3790,198,198,0.00
btc-1791354660,100,0.5200,78,78,0.00
btc-1791354660,250,0.5320,146,146,0.00
btc-1791354660,500,0.5420,182,182,0.00
btc-1791354660,1000,0.5460,198,198,0.00
btc-1791354720,100,0.4400,78,78,0.00
btc-1791354720,250,0.5080,146,146,0.00
btc-1791354720,500,0.4540,182,182,0.00
btc-1791354720,1000,0.4440,198,198,0.00
btc-1791354780,100,0.5700,78,78,0.00
btc-1791354780,250,0.5560,146,146,0.00
btc-1791354780,500,0.5200,182,182,0.00
btc-1791354780,1000,0.5330,198,198,0.00
btc-1791354840,100,0.4400,78,78,0.00
btc-1791354840,250,0.4800,146,146,0.00
btc-1791354840,500,0.4520,182,182,0.00
btc-1791354840,1000,0.4540,198,198,0.00
btc-1791354900,100,0.4100,78,78,0.00
btc-1791354900,250,0.4200,146,146,0.00
btc-1791354900,500,0.4220,182,182,0.00
btc-1791354900,1000,0.4250,198,198,0.00
btc-1791354960,100,0.5400,78,78,0.00
btc-1791354960,250,0.4760,146,146,0.00
btc-1791354960,500,0.4660,182,182,0.00
btc-1791354960,1000,0.4610,198,198,0.00
btc-1791355020,100,0.3700,78,78,0.00
btc-1791355020,250,0.3920,146,146,0.00
btc-1791355020,500,0.4280,182,182,0.00
btc-1791355020,1000,0.4200,198,198,0.00
btc-1791355080,100,0.4700,78,78,0.00
btc-1791355080,250,0.4600,146,146,0.00
btc-1791355080,500,0.4240,182,182,0.00
btc-1791355080,1000,0.4230,198,198,0.00
btc-1791355140,100,0.4300,78,78,0.00
btc-1791355140,250,0.4080,146,146,0.00
btc-1791355140,500,0.4160,182,182,0.00
btc-1791355140,1000,0.3970,198,198,0.00
btc-1791355200,100,0.5400,78,78,0.00
btc-1791355200,250,0.6040,146,146,0.00
btc-1791355200,500,0.5700,182,182,0.00
btc-1791355200,1000,0.5690,198,198,0.00
btc-1791355260,100,0.5500,78,78,0.00
btc-1791355260,250,0.5040,146,146,0.00
btc-1791355260,500,0.5420,182,182,0.00
btc-1791355260,1000,0.5580,198,198,0.00
btc-1791355320,100,0.3900,78,78,0.00
btc-1791355320,250,0.4360,146,146,0.00
btc-1791355320,500,0.4260,182,182,0.00
btc-1791355320,1000,0.4160,198,198,0.00
btc-1791355380,100,0.5000,78,78,0.00
btc-1791355380,250,0.5640,146,146,0.00
btc-1791355380,500,0.5220,182,182,0.00
btc-1791355380,1000,0.5360,198,198,0.00
