query_id,query_label,nn25_up_rate,nn25_effective_n,mean_dist
btc-1791354000,DOWN,0.56,24.8,2.4990
btc-1791354060,UP,0.44,24.8,2.4599
btc-1791354120,UP,0.56,24.8,2.8255
btc-1791354180,DOWN,0.76,24.7,2.5570
btc-1791354240,UP,0.48,24.5,2.1868
btc-1791354300,DOWN,0.6,24.8,1.9888
btc-1791354360,DOWN,0.28,24.8,2.4216
btc-1791354420,UP,0.32,24.9,1.9570
btc-1791354480,UP,0.6,24.7,1.6656
btc-1791354540,DOWN,0.4,24.8,2.1457
btc-1791354600,UP,0.2,24.7,1.8641
btc-1791354660,DOWN,0.48,24.7,2.1759
btc-1791354720,UP,0.44,24.9,1.8760
btc-1791354780,UP,0.52,24.9,1.9168
btc-1791354840,UP,0.44,24.7,2.8115
btc-1791354900,UP,0.52,24.9,2.3453
btc-1791354960,UP,0.6,24.8,1.8521
btc-1791355020,DOWN,0.48,24.6,2.4552
btc-1791355080,DOWN,0.4,24.4,2.3687
btc-1791355140,UP,0.36,24.7,1.7231
btc-1791355200,UP,0.52,24.7,2.5551
btc-1791355260,DOWN,0.76,24.7,2.1737
btc-1791355320,UP,0.16,24.7,2.5769
btc-1791355380,UP,0.56,24.8,2.1726
btc-1791355440,DOWN,0.56,24.8,2.2187
btc-1791355500,DOWN,0.32,24.7,1.9054
btc-1791355560,DOWN,0.44,24.5,1.9210
btc-1791355620,UP,0.56,24.8,1.6967
btc-1791355680,DOWN,0.44,24.7,1.6697
btc-1791355740,UP,0.4,24.9,2.2409
btc-1791355800,DOWN,0.64,24.8,1.8504
btc-1791355860,UP,0.32,24.9,1.8084
btc-1791355920,DOWN,0.44,24.8,2.0890
btc-1791355980,DOWN,0.44,24.9,1.9556
btc-1791356040,DOWN,0.4,24.9,2.2518
btc-1791356100,DOWN,0.52,24.8,1.7216
btc-1791356160,DOWN,0.56,24.7,1.7243
btc-1791356220,DOWN,0.56,24.7,1.7698
btc-1791356280,DOWN,0.56,24.5,3.6253
btc-1791356340,DOWN,0.56,24.0,3.3546
btc-1791356400,DOWN,0.44,23.9,3.1567
btc-1791356460,DOWN,0.48,23.8,3.3275
btc-1791356520,DOWN,0.48,24.4,4.1763
btc-1791356580,DOWN,0.44,24.5,4.7219
btc-1791356640,DOWN,0.48,24.5,5.2515
btc-1791356700,DOWN,0.48,24.6,5.9106
btc-1791356760,DOWN,0.52,24.7,6.4860
btc-1791356820,DOWN,0.48,24.8,7.1194
btc-1791356880,DOWN,0.48,24.8,7.7774
btc-1791356940,DOWN,0.48,24.8,8.4481
btc-1791357000,UP,0.48,24.8,9.1609
btc-1791357060,UP,0.68,23.6,2.4562
btc-1791357120,UP,0.32,23.2,2.6539
btc-1791357180,UP,0.28,24.8,2.2242
btc-1791357240,UP,0.32,24.7,2.0409
btc-1791357300,UP,0.36,24.6,2.1838
btc-1791357360,DOWN,0.44,24.6,2.3874
btc-1791357420,DOWN,0.28,24.5,2.1279
btc-1791357480,UP,0.36,24.3,1.8615
btc-1791357540,DOWN,0.52,23.6,2.5163
btc-1791357600,UP,0.6,24.6,2.2657
btc-1791357660,UP,0.48,24.4,2.2846
btc-1791357720,UP,0.48,24.9,2.3796
btc-1791357780,DOWN,0.52,24.6,2.3102
btc-1791357840,DOWN,0.36,24.8,2.0368
btc-1791357900,DOWN,0.24,24.6,1.9962
btc-1791357960,UP,0.36,24.4,1.9568
btc-1791358020,UP,0.52,24.5,2.3777
btc-1791358080,DOWN,0.72,24.8,1.7566
btc-1791358140,UP,0.48,24.9,1.8903
btc-1791358200,UP,0.6,24.8,1.8269
btc-1791358260,UP,0.48,24.8,1.9264
btc-1791358320,DOWN,0.48,24.6,1.6699
btc-1791358380,UP,0.4,24.8,1.5425
btc-1791358440,DOWN,0.52,24.7,1.7274
btc-1791358500,DOWN,0.52,24.6,2.2234
btc-1791358560,UP,0.44,24.8,1.9681
btc-1791358620,DOWN,0.56,24.7,1.7840
btc-1791358680,DOWN,0.44,24.5,1.8582
btc-1791358740,DOWN,0.32,24.8,1.8293
btc-1791358800,UP,0.36,24.7,1.7047
btc-1791358860,UP,0.64,24.8,1.7175
btc-1791358920,UP,0.88,24.7,1.6517
btc-1791358980,UP,0.76,24.7,1.7571
btc-1791359040,DOWN,0.48,24.4,1.6248
btc-1791359100,DOWN,0.44,24.6,1.7756
btc-1791359160,DOWN,0.36,24.5,1.7943
btc-1791359220,UP,0.48,24.5,1.8069
btc-1791359280,DOWN,0.56,24.8,1.5123
btc-1791359340,DOWN,0.44,24.5,1.5340
btc-1791359400,DOWN,0.44,24.9,1.8302
btc-1791359460,DOWN,0.56,24.7,1.6011
btc-1791359520,DOWN,0.56,24.8,1.6094
btc-1791359580,DOWN,0.56,24.4,1.8413
btc-1791359640,DOWN,0.52,24.6,2.2335
btc-1791359700,DOWN,0.52,24.4,3.1590
btc-1791359760,DOWN,0.48,24.0,2.9410
btc-1791359820,UP,0.44,23.9,3.2821
btc-1791359880,UP,0.56,24.1,2.8508
btc-1791359940,DOWN,0.76,24.1,2.5110
btc-1791360000,DOWN,0.2,24.7,2.9020
btc-1791360060,UP,0.32,24.7,2.3328
btc-1791360120,DOWN,0.6,24.4,4.2339
btc-1791360180,UP,0.52,24.8,3.5855
btc-1791360240,DOWN,0.52,24.7,3.5538
btc-1791360300,DOWN,0.48,24.7,2.9718
btc-1791360360,DOWN,0.52,24.8,2.9791
btc-1791360420,DOWN,0.4,24.9,2.3352
btc-1791360480,DOWN,0.64,24.7,2.2744
btc-1791360540,UP,0.56,24.7,2.4120
btc-1791360600,DOWN,0.72,24.6,2.1986
btc-1791360660,DOWN,0.48,24.8,2.0662
btc-1791360720,DOWN,0.68,24.9,1.9355
btc-1791360780,UP,0.6,24.7,1.9453
btc-1791360840,UP,0.64,24.4,1.9806
btc-1791360900,DOWN,0.68,24.9,1.7174
btc-1791360960,DOWN,0.44,24.6,1.8032
btc-1791361020,UP,0.28,24.7,1.8232
btc-1791361080,DOWN,0.6,24.8,1.8843
btc-1791361140,UP,0.32,24.8,1.5703
btc-1791361200,UP,0.68,24.8,1.8518
btc-1791361260,UP,0.56,24.5,1.7739
btc-1791361320,UP,0.36,24.7,2.0199
btc-1791361380,DOWN,0.56,24.9,5.7069
btc-1791361440,DOWN,0.52,24.7,2.0203
btc-1791361500,UP,0.36,24.2,2.3745
btc-1791361560,UP,0.48,24.7,2.1473
btc-1791361620,UP,0.76,24.5,1.9845
btc-1791361680,DOWN,0.68,24.8,1.8218
btc-1791361740,UP,0.36,24.7,2.0012
btc-1791361800,DOWN,0.56,24.7,1.9417
btc-1791361860,UP,0.36,24.5,1.7949
btc-1791361920,UP,0.6,24.4,2.0566
btc-1791361980,UP,0.6,24.7,2.5045
btc-1791362040,UP,0.52,24.8,2.3866
btc-1791362100,UP,0.72,24.8,2.1165
btc-1791362160,DOWN,0.48,24.7,2.1964
btc-1791362220,DOWN,0.44,24.5,2.6353
btc-1791362280,DOWN,0.24,24.7,2.2129
btc-1791362340,UP,0.44,23.9,3.3018
btc-1791362400,DOWN,0.56,24.5,2.5430
btc-1791362460,DOWN,0.4,24.8,2.5137
btc-1791362520,UP,0.48,24.8,3.3351
btc-1791362580,DOWN,0.6,24.7,2.0955
btc-1791362640,UP,0.48,24.8,2.1004
btc-1791362700,DOWN,0.68,24.9,2.3207
btc-1791362760,DOWN,0.44,24.7,2.1461
btc-1791362820,UP,0.36,24.9,2.4889
btc-1791362880,UP,0.64,24.8,1.8345
btc-1791362940,DOWN,0.28,24.5,1.8851
btc-1791363000,UP,0.32,24.8,1.7643
btc-1791363060,DOWN,0.56,24.9,1.7249
btc-1791363120,DOWN,0.44,24.8,1.9272
btc-1791363180,UP,0.44,24.5,1.6246
btc-1791363240,UP,0.56,24.6,1.8417
btc-1791363300,UP,0.64,24.9,1.9714
btc-1791363360,DOWN,0.6,24.9,1.8917
btc-1791363420,DOWN,0.4,24.9,1.9667
btc-1791363480,DOWN,0.4,24.9,1.8181
btc-1791363540,DOWN,0.44,24.7,1.7907
btc-1791363600,UP,0.56,24.8,2.3098
btc-1791363660,UP,0.72,24.6,1.6050
btc-1791363720,UP,0.72,24.8,1.6985
btc-1791363780,DOWN,0.52,24.8,2.0049
btc-1791363840,UP,0.32,24.8,1.5928
btc-1791363900,UP,0.56,24.8,1.8508
btc-1791363960,DOWN,0.56,24.9,1.7438
btc-1791364020,DOWN,0.36,24.6,1.5811
btc-1791364080,UP,0.36,24.8,1.5957
btc-1791364140,DOWN,0.6,24.8,2.1416
btc-1791364200,UP,0.4,24.0,1.8971
btc-1791364260,DOWN,0.6,24.2,1.9559
btc-1791364320,UP,0.28,24.6,2.7223
btc-1791364380,DOWN,0.64,24.8,2.6091
btc-1791364440,DOWN,0.2,24.2,2.9201
btc-1791364500,DOWN,0.48,24.9,2.2987
btc-1791364560,DOWN,0.44,24.6,2.2527
btc-1791364620,DOWN,0.56,24.8,2.6139
btc-1791364680,DOWN,0.6,24.7,2.4873
btc-1791364740,DOWN,0.56,24.1,2.2756
btc-1791364800,UP,0.48,23.9,2.3011
btc-1791364860,DOWN,0.6,24.2,2.6784
btc-1791364920,UP,0.48,24.7,2.7842
btc-1791364980,DOWN,0.6,24.5,2.5228
btc-1791365040,UP,0.4,24.5,2.7827
btc-1791365100,DOWN,0.52,24.9,2.8087
btc-1791365160,UP,0.16,24.6,3.3747
btc-1791365220,DOWN,0.68,24.9,2.7760
btc-1791365280,DOWN,0.4,24.9,2.4175
btc-1791365340,UP,0.44,24.9,2.8261
btc-1791365400,DOWN,0.52,24.9,2.3900
btc-1791365460,DOWN,0.4,24.7,2.4521
btc-1791365520,UP,0.36,24.7,1.9956
btc-1791365580,DOWN,0.6,24.8,1.9637
btc-1791365640,UP,0.28,24.9,2.0293
btc-1791365700,DOWN,0.56,24.6,4.1099
btc-1791365760,UP,0.56,24.5,3.3368
btc-1791365820,UP,0.6,24.9,4.1034
btc-1791365880,UP,0.52,24.9,3.8973
btc-1791365940,DOWN,0.48,24.9,3.5928
btc-1791366000,DOWN,0.32,24.9,2.7914
btc-1791366060,UP,0.48,24.8,2.9519
btc-1791366120,UP,0.6,24.7,2.8878
btc-1791366180,UP,0.56,24.8,3.2161
btc-1791366240,UP,0.44,24.8,2.8993
btc-1791366300,UP,0.52,24.8,2.4540
btc-1791366360,DOWN,0.4,24.8,2.6922
btc-1791366420,UP,0.32,24.5,2.7755
btc-1791366480,UP,0.52,24.4,2.6189
btc-1791366540,UP,0.6,24.9,2.3251
btc-1791366600,UP,0.6,24.8,2.4742
btc-1791366660,DOWN,0.68,24.6,2.5555
btc-1791366720,DOWN,0.44,24.5,2.3480
btc-1791366780,DOWN,0.28,24.6,2.0633
btc-1791366840,DOWN,0.48,24.7,1.8891
btc-1791366900,UP,0.4,24.7,1.8220
btc-1791366960,DOWN,0.52,23.7,1.9954
btc-1791367020,UP,0.48,23.7,2.0096
btc-1791367080,UP,0.6,24.6,1.7993
btc-1791367140,UP,0.68,24.8,1.9659
btc-1791367200,DOWN,0.68,24.8,2.4426
btc-1791367260,DOWN,0.4,24.8,2.4179
btc-1791367320,DOWN,0.36,24.8,2.4534
btc-1791367380,DOWN,0.48,24.6,2.2106
btc-1791367440,UP,0.48,24.7,2.3834
btc-1791367500,DOWN,0.56,24.7,5.0150
btc-1791367560,UP,0.52,24.8,2.7175
btc-1791367620,DOWN,0.72,24.9,2.4175
btc-1791367680,UP,0.28,24.9,2.1586
btc-1791367740,UP,0.64,24.6,4.8076
btc-1791367800,UP,0.64,24.9,4.0079
btc-1791367860,UP,0.36,24.8,4.0833
btc-1791367920,DOWN,0.44,24.8,4.3420
btc-1791367980,DOWN,0.44,24.7,4.2387
btc-1791368040,UP,0.56,24.1,3.5716
btc-1791368100,UP,0.44,24.9,3.3075
btc-1791368160,DOWN,0.56,24.8,2.6587
btc-1791368220,UP,0.16,24.8,2.7771
btc-1791368280,UP,0.48,24.9,3.0780
btc-1791368340,DOWN,0.56,24.8,2.6794
btc-1791368400,UP,0.32,24.8,3.1089
btc-1791368460,UP,0.56,24.9,2.6730
btc-1791368520,UP,0.56,24.8,2.4839
btc-1791368580,DOWN,0.64,25.0,3.1254
btc-1791368640,UP,0.36,24.7,2.5160
btc-1791368700,DOWN,0.52,24.9,2.2938
btc-1791368760,UP,0.32,24.6,1.7735
btc-1791368820,UP,0.4,24.7,2.2438
btc-1791368880,DOWN,0.48,24.7,2.4789
btc-1791368940,DOWN,0.36,24.9,1.8553
btc-1791369000,UP,0.44,23.7,1.9629
btc-1791369060,DOWN,0.4,24.4,1.6706
btc-1791369120,DOWN,0.28,24.6,1.5866
btc-1791369180,DOWN,0.48,24.7,2.3939
btc-1791369240,DOWN,0.6,23.8,3.3821
btc-1791369300,UP,0.52,24.9,3.1635
btc-1791369360,DOWN,0.6,24.7,2.8899
btc-1791369420,DOWN,0.64,24.9,3.4752
btc-1791369480,UP,0.28,24.9,2.8044
btc-1791369540,UP,0.68,24.6,2.3447
btc-1791369600,DOWN,0.64,24.8,2.4270
btc-1791369660,UP,0.48,24.7,2.5628
btc-1791369720,DOWN,0.56,24.9,2.6210
btc-1791369780,UP,0.48,24.7,2.3093
btc-1791369840,DOWN,0.6,24.5,2.9592
btc-1791369900,UP,0.56,24.5,3.0158
btc-1791369960,DOWN,0.6,24.7,2.6919
btc-1791370020,UP,0.48,24.7,2.8117
btc-1791370080,UP,0.36,24.9,2.5121
btc-1791370140,UP,0.52,24.6,2.4001
btc-1791370200,UP,0.52,24.8,2.1178
btc-1791370260,UP,0.56,24.7,2.0595
btc-1791370320,DOWN,0.56,24.2,2.8100
btc-1791370380,DOWN,0.36,23.9,2.6776
btc-1791370440,UP,0.32,24.6,2.3018
btc-1791370500,DOWN,0.44,24.8,2.6013
btc-1791370560,DOWN,0.36,24.9,2.5116
btc-1791370620,UP,0.32,24.5,2.2699
btc-1791370680,UP,0.56,24.7,2.0330
btc-1791370740,UP,0.6,24.7,1.8769
btc-1791370800,UP,0.52,24.9,1.8472
btc-1791370860,UP,0.48,24.7,2.2861
btc-1791370920,DOWN,0.44,24.7,2.0366
btc-1791370980,DOWN,0.36,24.4,2.0813
btc-1791371040,UP,0.56,24.5,2.8163
btc-1791371100,UP,0.68,24.9,2.3162
btc-1791371160,DOWN,0.6,24.4,2.9132
btc-1791371220,UP,0.24,24.8,2.8218
btc-1791371280,UP,0.44,24.7,2.7712
btc-1791371340,DOWN,0.56,24.7,3.0998
btc-1791371400,DOWN,0.28,24.8,2.7259
btc-1791371460,UP,0.44,24.9,2.1061
btc-1791371520,DOWN,0.52,24.9,2.9142
btc-1791371580,UP,0.56,24.8,2.7776
btc-1791371640,DOWN,0.68,24.8,2.3544
btc-1791371700,DOWN,0.36,24.8,2.0156
btc-1791371760,DOWN,0.36,24.8,2.0899
btc-1791371820,DOWN,0.36,24.9,1.9242
btc-1791371880,DOWN,0.48,24.5,1.6783
btc-1791371940,DOWN,0.48,24.5,2.1422
btc-1791372000,DOWN,0.56,24.3,2.1819
btc-1791372060,UP,0.52,24.6,3.6649
btc-1791372120,UP,0.48,24.6,3.2730
btc-1791372180,DOWN,0.64,24.7,3.0161
btc-1791372240,DOWN,0.48,24.7,3.6228
btc-1791372300,DOWN,0.48,24.8,2.9792
btc-1791372360,UP,0.44,24.9,2.7828
btc-1791372420,DOWN,0.56,24.9,2.7266
btc-1791372480,UP,0.28,24.8,2.2080
btc-1791372540,DOWN,0.64,24.9,1.9402
btc-1791372600,DOWN,0.36,24.7,2.6392
btc-1791372660,UP,0.36,24.8,2.4664
btc-1791372720,UP,0.6,24.8,2.9289
btc-1791372780,UP,0.56,24.7,2.4091
btc-1791372840,DOWN,0.72,24.6,2.1291
btc-1791372900,DOWN,0.4,24.7,2.4237
btc-1791372960,UP,0.36,24.9,2.0847
btc-1791373020,DOWN,0.6,24.7,1.9127
btc-1791373080,DOWN,0.28,24.8,1.6942
btc-1791373140,DOWN,0.6,24.6,1.7911
btc-1791373200,DOWN,0.64,24.9,1.9195
btc-1791373260,UP,0.48,24.5,1.5328
btc-1791373320,UP,0.72,24.7,1.6687
btc-1791373380,UP,0.76,24.7,1.8115
btc-1791373440,UP,0.72,24.5,1.8800
btc-1791373500,DOWN,0.28,24.5,2.0770
btc-1791373560,DOWN,0.44,24.6,1.6379
btc-1791373620,DOWN,0.32,23.8,2.0451
btc-1791373680,UP,0.48,24.4,1.7223
btc-1791373740,UP,0.52,24.8,1.5080
btc-1791373800,DOWN,0.6,24.9,1.7882
btc-1791373860,DOWN,0.56,24.8,2.0141
btc-1791373920,UP,0.24,24.9,1.5135
btc-1791373980,UP,0.44,24.5,1.5225
btc-1791374040,UP,0.72,24.9,1.7018
btc-1791374100,DOWN,0.32,24.8,1.7353
btc-1791374160,UP,0.48,24.7,1.7879
btc-1791374220,DOWN,0.48,24.8,1.7450
btc-1791374280,UP,0.36,24.3,2.6141
btc-1791374340,UP,0.56,24.8,2.5736
btc-1791374400,DOWN,0.6,24.8,2.9094
btc-1791374460,DOWN,0.32,24.8,2.5650
btc-1791374520,DOWN,0.52,24.6,3.3035
btc-1791374580,UP,0.4,24.7,2.5891
btc-1791374640,UP,0.48,24.7,2.4478
btc-1791374700,UP,0.56,24.8,2.2315
btc-1791374760,DOWN,0.56,24.9,3.5421
btc-1791374820,DOWN,0.32,24.7,2.2597
btc-1791374880,UP,0.2,24.8,1.8232
btc-1791374940,DOWN,0.72,24.9,2.0698
btc-1791375000,DOWN,0.12,24.9,2.2178
btc-1791375060,UP,0.44,24.8,1.7377
btc-1791375120,DOWN,0.64,24.9,1.8447
btc-1791375180,UP,0.44,24.6,2.1613
btc-1791375240,UP,0.52,25.0,2.2403
btc-1791375300,DOWN,0.56,24.8,1.7731
btc-1791375360,DOWN,0.36,24.6,1.9328
btc-1791375420,DOWN,0.36,24.8,1.5330
btc-1791375480,DOWN,0.4,24.6,1.9103
btc-1791375540,DOWN,0.56,24.8,1.8851
btc-1791375600,DOWN,0.48,24.4,1.8734
btc-1791375660,DOWN,0.44,24.6,2.0600
btc-1791375720,UP,0.48,24.3,2.5789
btc-1791375780,UP,0.68,24.6,2.5196
btc-1791375840,DOWN,0.8,24.8,1.9627
btc-1791375900,DOWN,0.4,24.4,2.4757
btc-1791375960,DOWN,0.48,24.8,2.6397
btc-1791376020,UP,0.56,24.6,2.1960
btc-1791376080,DOWN,0.56,24.8,2.1898
btc-1791376140,UP,0.4,24.6,2.3490
btc-1791376200,DOWN,0.52,24.6,2.0533
btc-1791376260,UP,0.36,24.8,2.3118
btc-1791376320,UP,0.4,24.9,2.1888
btc-1791376380,DOWN,0.44,24.8,2.9374
btc-1791376440,UP,0.32,24.7,2.7135
btc-1791376500,UP,0.64,24.9,2.1786
btc-1791376560,UP,0.52,24.7,2.4775
btc-1791376620,DOWN,0.44,24.5,3.6528
btc-1791376680,DOWN,0.32,24.9,3.0595
btc-1791376740,DOWN,0.28,24.7,3.0110
btc-1791376800,DOWN,0.52,24.8,3.1399
btc-1791376860,DOWN,0.52,24.5,3.2142
btc-1791376920,DOWN,0.6,24.5,3.4963
btc-1791376980,UP,0.48,24.6,3.5165
btc-1791377040,DOWN,0.52,24.2,2.9368
btc-1791377100,DOWN,0.56,24.8,2.9702
btc-1791377160,DOWN,0.52,24.8,3.6278
btc-1791377220,UP,0.44,24.8,2.5936
btc-1791377280,DOWN,0.56,23.9,2.4887
btc-1791377340,UP,0.36,24.1,3.5312
btc-1791377400,DOWN,0.48,23.8,3.5514
btc-1791377460,DOWN,0.52,24.5,3.0847
btc-1791377520,UP,0.56,24.3,3.1006
btc-1791377580,DOWN,0.64,24.8,2.7650
btc-1791377640,DOWN,0.44,24.8,2.2516
btc-1791377700,UP,0.44,24.9,2.5417
btc-1791377760,UP,0.52,24.7,1.9749
btc-1791377820,DOWN,0.52,24.9,1.9923
btc-1791377880,UP,0.36,24.9,1.8072
btc-1791377940,UP,0.68,24.9,1.6552
btc-1791378000,DOWN,0.4,24.1,1.8672
btc-1791378060,DOWN,0.32,24.7,1.6467
btc-1791378120,UP,0.48,24.8,1.7492
btc-1791378180,UP,0.52,24.7,1.8359
btc-1791378240,DOWN,0.52,24.5,2.0188
btc-1791378300,UP,0.16,24.6,2.2689
btc-1791378360,UP,0.56,24.3,3.4867
btc-1791378420,UP,0.52,24.9,2.9874
btc-1791378480,UP,0.52,24.6,2.6608
btc-1791378540,DOWN,0.6,24.6,3.8454
btc-1791378600,UP,0.44,24.5,2.6870
btc-1791378660,UP,0.6,24.6,5.7158
btc-1791378720,DOWN,0.44,24.8,4.7753
btc-1791378780,DOWN,0.44,24.7,4.5284
