method,regime,n_train,up_train,upRate_train,val_n,val_upRate,stability
quantile18,Q-flat-high-smooth,412,198,0.4806,149,0.5168,UNSTABLE
quantile18,Q-flat-med-smooth,414,211,0.5097,116,0.4569,UNSTABLE
quantile18,Q-flat-low-smooth,413,193,0.4673,148,0.4865,STABLE
kmeans8,K8_006,263,110,0.4183,106,0.5377,UNSTABLE
kmeans8,K8_005,482,249,0.5166,162,0.5062,STABLE
kmeans8,K8_000,92,43,0.4674,22,0.5455,UNSTABLE
kmeans8,K8_001,53,20,0.3774,11,0.5455,UNSTABLE
kmeans8,K8_002,43,23,0.5349,22,0.4091,UNSTABLE
kmeans8,K8_004,159,83,0.522,39,0.359,UNSTABLE
kmeans8,K8_003,139,71,0.5108,51,0.4314,UNSTABLE
kmeans8,K8_007,8,3,0.375,0,,INSUFFICIENT
kmeans16,K16_009,144,55,0.3819,57,0.5263,UNSTABLE
kmeans16,K16_008,232,101,0.4353,70,0.4714,STABLE
kmeans16,K16_012,17,9,0.5294,6,0.3333,INSUFFICIENT
kmeans16,K16_014,30,9,0.3,5,0.6,INSUFFICIENT
kmeans16,K16_010,15,8,0.5333,12,0.5,WEAKLY_STABLE
kmeans16,K16_013,39,19,0.4872,9,0.4444,INSUFFICIENT
kmeans16,K16_015,93,44,0.4731,27,0.6296,UNSTABLE
kmeans16,K16_001,42,19,0.4524,13,0.4615,WEAKLY_STABLE
kmeans16,K16_002,52,28,0.5385,17,0.1765,UNSTABLE
kmeans16,K16_004,92,50,0.5435,25,0.48,UNSTABLE
kmeans16,K16_005,103,48,0.466,23,0.4348,WEAKLY_STABLE
kmeans16,K16_000,213,126,0.5915,81,0.5185,STABLE
kmeans16,K16_003,57,32,0.5614,27,0.4074,UNSTABLE
kmeans16,K16_006,94,46,0.4894,41,0.561,UNSTABLE
kmeans16,K16_011,1,0,0,0,,INSUFFICIENT
kmeans16,K16_007,15,8,0.5333,0,,INSUFFICIENT
kmeans24,K24_019,67,25,0.3731,31,0.5161,UNSTABLE
kmeans24,K24_021,199,86,0.4322,66,0.4545,STABLE
kmeans24,K24_012,13,7,0.5385,6,0.3333,INSUFFICIENT
kmeans24,K24_018,18,7,0.3889,2,0.5,INSUFFICIENT
kmeans24,K24_010,17,10,0.5882,12,0.4167,UNSTABLE
kmeans24,K24_013,27,14,0.5185,4,0.5,INSUFFICIENT
kmeans24,K24_015,65,35,0.5385,14,0.6429,WEAKLY_STABLE
kmeans24,K24_014,22,5,0.2273,3,0.6667,INSUFFICIENT
kmeans24,K24_002,32,14,0.4375,13,0.3846,WEAKLY_STABLE
kmeans24,K24_017,45,21,0.4667,13,0.3846,WEAKLY_STABLE
kmeans24,K24_023,30,9,0.3,14,0.6429,UNSTABLE
kmeans24,K24_005,98,48,0.4898,22,0.4091,WEAKLY_STABLE
kmeans24,K24_009,67,27,0.403,23,0.5217,UNSTABLE
kmeans24,K24_003,59,32,0.5424,29,0.4483,UNSTABLE
kmeans24,K24_008,135,84,0.6222,41,0.5366,WEAKLY_STABLE
kmeans24,K24_000,86,44,0.5116,43,0.4651,UNSTABLE
kmeans24,K24_016,38,20,0.5263,12,0.4167,UNSTABLE
kmeans24,K24_006,55,28,0.5091,18,0.5,WEAKLY_STABLE
kmeans24,K24_004,83,47,0.5663,22,0.4091,UNSTABLE
kmeans24,K24_001,37,10,0.2703,17,0.5882,UNSTABLE
kmeans24,K24_020,34,23,0.6765,8,0.875,INSUFFICIENT
kmeans24,K24_011,1,0,0,0,,INSUFFICIENT
kmeans24,K24_022,6,3,0.5,0,,INSUFFICIENT
kmeans24,K24_007,5,3,0.6,0,,INSUFFICIENT
kmeans32,K32_019,61,20,0.3279,29,0.5172,UNSTABLE
kmeans32,K32_021,44,20,0.4545,6,0.6667,INSUFFICIENT
kmeans32,K32_012,6,5,0.8333,6,0.5,INSUFFICIENT
kmeans32,K32_018,15,3,0.2,3,0.3333,INSUFFICIENT
kmeans32,K32_010,18,10,0.5556,11,0.2727,UNSTABLE
kmeans32,K32_002,22,6,0.2727,3,0.6667,INSUFFICIENT
kmeans32,K32_015,32,22,0.6875,11,0.5455,WEAKLY_STABLE
kmeans32,K32_023,28,11,0.3929,9,0.7778,INSUFFICIENT
kmeans32,K32_027,21,10,0.4762,5,0.4,INSUFFICIENT
kmeans32,K32_014,14,5,0.3571,1,1,INSUFFICIENT
kmeans32,K32_017,45,23,0.5111,10,0.2,UNSTABLE
kmeans32,K32_029,36,20,0.5556,11,0.7273,WEAKLY_STABLE
kmeans32,K32_005,45,22,0.4889,15,0.3333,WEAKLY_STABLE
kmeans32,K32_030,67,30,0.4478,20,0.45,WEAKLY_STABLE
kmeans32,K32_009,65,27,0.4154,26,0.5,UNSTABLE
kmeans32,K32_008,107,46,0.4299,38,0.3947,WEAKLY_STABLE
kmeans32,K32_028,80,53,0.6625,22,0.5455,WEAKLY_STABLE
kmeans32,K32_013,13,9,0.6923,4,0.75,INSUFFICIENT
kmeans32,K32_003,40,22,0.55,25,0.4,UNSTABLE
kmeans32,K32_025,4,3,0.75,1,1,INSUFFICIENT
kmeans32,K32_000,38,21,0.5526,15,0.6,WEAKLY_STABLE
kmeans32,K32_016,35,17,0.4857,11,0.4545,WEAKLY_STABLE
kmeans32,K32_006,61,31,0.5082,20,0.5,WEAKLY_STABLE
kmeans32,K32_026,67,27,0.403,25,0.6,UNSTABLE
kmeans32,K32_004,52,26,0.5,13,0.2308,UNSTABLE
kmeans32,K32_031,65,32,0.4923,14,0.5,UNSTABLE
kmeans32,K32_024,84,44,0.5238,38,0.4737,UNSTABLE
kmeans32,K32_020,25,16,0.64,4,0.75,INSUFFICIENT
kmeans32,K32_011,1,0,0,0,,INSUFFICIENT
kmeans32,K32_022,6,3,0.5,0,,INSUFFICIENT
kmeans32,K32_001,37,15,0.4054,17,0.5882,UNSTABLE
kmeans32,K32_007,5,3,0.6,0,,INSUFFICIENT
treeLeaves,T_dn_598,598,248,0.4147,191,0.4764,STABLE
treeLeaves,T_up_434,434,250,0.576,143,0.5035,STABLE
treeLeaves,T_up_160,160,87,0.5437,67,0.5373,STABLE
treeLeaves,T_dn_47,47,17,0.3617,12,0.25,WEAKLY_STABLE
