experiment_id,feature_set,horizon,algorithm,hyperparams,train_metrics,validation_metrics,test_touched,decision,reason
E001,FULL_CLEAN,60,baselines,"sign/logistic-depth2/knn5","{\"base\":{\"n\":1006,\"baseUP\":0.4861,\"alwaysUP\":0.4861,\"alwaysDOWN\":0.5139,\"prevCont\":0.5562,\"prevRev\":0.4438,\"sign_ret_60\":0.5139,\"sign_ret_300\":0.4503,\"sign_ret_600\":0.4662},\"extra\":{\"logistic\":{\"acted\":435,\"acc\":0.6207,\"brier\":0.2419},\"tree\":{\"acted\":373,\"acc\":0.6408,\"brier\":0.2416},\"knn5\":{\"acted\":1006,\"acc\":0.7038,\"brier\":0.1915}}}","{\"base\":{\"n\":335,\"baseUP\":0.4806,\"alwaysUP\":0.4806,\"alwaysDOWN\":0.5194,\"prevCont\":0.5343,\"prevRev\":0.4657,\"sign_ret_60\":0.5194,\"sign_ret_300\":0.5433,\"sign_ret_600\":0.5104},\"extra\":{\"logistic\":{\"acted\":141,\"acc\":0.5035,\"brier\":0.262},\"tree\":{\"acted\":105,\"acc\":0.5238,\"brier\":0.257},\"knn5\":{\"acted\":335,\"acc\":0.5254,\"brier\":0.3071}}}",false,recorded,"reference point, not selection"
E002,FULL_CLEAN,60,support-gate,"K=48/64","train_n=1006","",false,SKIPPED,"K=48 avg 20/regime, K=64 avg 15/regime — below min-support 50; skipped per policy"
E003,FULL_CLEAN,60,quantile-18,"seed-726/minLeaf-20","regimes=3","overall_up=0.48059701492537316",false,candidate,"stability tabled"
E004,FULL_CLEAN,60,kmeans-8,"seed-726/minLeaf-20","regimes=8","overall_up=0.48059701492537316",false,candidate,"stability tabled"
E005,FULL_CLEAN,60,kmeans-16,"seed-726/minLeaf-20","regimes=16","overall_up=0.48059701492537316",false,candidate,"stability tabled"
E006,FULL_CLEAN,60,kmeans-24,"seed-726/minLeaf-20","regimes=24","overall_up=0.48059701492537316",false,candidate,"stability tabled"
E007,FULL_CLEAN,60,kmeans-32,"seed-726/minLeaf-20","regimes=32","overall_up=0.48059701492537316",false,candidate,"stability tabled"
E008,FULL_CLEAN,60,tree-leaves,"seed-726/minLeaf-20","regimes=4","overall_up=0.48059701492537316",false,candidate,"stability tabled"
E009,FULL_CLEAN,60,TEST-FREEZE:quantile18,"argmax valAcc s.t. minTrain>=50; tie fewer-regimes, alphabetical; fallback quantile18","","[{\"k\":\"quantile18\",\"acc\":0.5194029850746269,\"regimes\":3,\"minTrain\":335},{\"k\":\"treeLeaves\",\"acc\":0.4835820895522388,\"regimes\":4,\"minTrain\":59}]",false,FROZEN,"predeclared rule, TEST unseen"
